date,prayer,self help,therapy,coaching
2004-01-01,15,1,36,6
2004-02-01,15,1,37,5
2004-03-01,16,1,36,6
2004-04-01,16,1,38,5
2004-05-01,17,1,33,4
2004-06-01,13,1,32,4
2004-07-01,13,1,34,4
2004-08-01,12,1,35,5
2004-09-01,16,1,36,5
2004-10-01,19,1,36,5
2004-11-01,21,1,36,5
2004-12-01,18,1,34,5
2005-01-01,16,1,35,6
2005-02-01,16,1,36,5
2005-03-01,17,1,37,6
2005-04-01,18,1,40,5
2005-05-01,17,1,35,5
2005-06-01,14,1,34,4
2005-07-01,13,1,34,4
2005-08-01,14,1,32,5
2005-09-01,16,1,35,5
2005-10-01,18,1,36,5
2005-11-01,17,1,36,5
2005-12-01,15,1,30,4
2006-01-01,15,1,37,5
2006-02-01,16,1,36,5
2006-03-01,15,1,37,5
2006-04-01,16,1,35,5
2006-05-01,16,1,33,4
2006-06-01,13,1,32,4
2006-07-01,14,1,32,4
2006-08-01,14,1,33,5
2006-09-01,17,1,35,4
2006-10-01,16,1,36,4
2006-11-01,17,1,34,5
2006-12-01,15,1,29,4
2007-01-01,15,1,33,6
2007-02-01,15,1,34,4
2007-03-01,15,1,34,5
2007-04-01,16,1,33,4
2007-05-01,16,1,33,4
2007-06-01,14,1,31,3
2007-07-01,13,1,33,3
2007-08-01,14,1,31,4
2007-09-01,17,1,33,4
2007-10-01,16,1,36,5
2007-11-01,17,1,33,5
2007-12-01,15,1,28,5
2008-01-01,15,1,32,5
2008-02-01,16,1,33,4
2008-03-01,15,1,33,5
2008-04-01,17,1,35,5
2008-05-01,16,1,31,4
2008-06-01,13,1,31,3
2008-07-01,14,1,33,3
2008-08-01,14,1,30,4
2008-09-01,17,1,32,4
2008-10-01,16,1,35,4
2008-11-01,18,1,34,5
2008-12-01,15,1,30,5
2009-01-01,18,1,34,5
2009-02-01,16,1,35,4
2009-03-01,16,1,36,5
2009-04-01,17,1,36,4
2009-05-01,17,1,33,4
2009-06-01,14,1,34,4
2009-07-01,15,1,33,3
2009-08-01,15,1,33,4
2009-09-01,18,1,33,4
2009-10-01,16,1,36,4
2009-11-01,18,1,37,5
2009-12-01,15,1,34,5
2010-01-01,16,1,35,6
2010-02-01,16,1,36,4
2010-03-01,17,1,36,5
2010-04-01,21,1,37,4
2010-05-01,19,1,33,4
2010-06-01,14,1,33,4
2010-07-01,14,1,30,3
2010-08-01,17,1,30,3
2010-09-01,17,1,32,4
2010-10-01,16,1,35,4
2010-11-01,17,1,32,4
2010-12-01,16,1,29,5
2011-01-01,18,1,37,6
2011-02-01,18,1,39,4
2011-03-01,19,1,40,5
2011-04-01,18,1,37,4
2011-05-01,19,1,35,4
2011-06-01,16,1,36,4
2011-07-01,17,1,36,3
2011-08-01,20,1,36,4
2011-09-01,18,1,37,4
2011-10-01,18,1,39,4
2011-11-01,20,1,37,5
2011-12-01,18,1,34,5
2012-01-01,18,1,38,6
2012-02-01,19,1,39,4
2012-03-01,18,1,38,4
2012-04-01,18,1,38,4
2012-05-01,19,1,37,4
2012-06-01,16,1,34,3
2012-07-01,18,1,35,3
2012-08-01,18,1,36,4
2012-09-01,18,1,37,5
2012-10-01,18,1,40,4
2012-11-01,18,1,37,6
2012-12-01,18,1,31,6
2013-01-01,16,1,36,6
2013-02-01,18,1,38,4
2013-03-01,18,1,36,4
2013-04-01,18,1,39,4
2013-05-01,19,1,36,4
2013-06-01,16,1,34,4
2013-07-01,18,1,37,3
2013-08-01,17,1,38,4
2013-09-01,17,1,36,4
2013-10-01,18,1,38,5
2013-11-01,19,1,38,4
2013-12-01,17,1,33,6
2014-01-01,17,1,38,7
2014-02-01,17,1,41,4
2014-03-01,18,1,38,5
2014-04-01,19,1,39,5
2014-05-01,19,1,36,4
2014-06-01,17,1,33,4
2014-07-01,18,1,37,4
2014-08-01,18,1,34,4
2014-09-01,18,1,41,4
2014-10-01,17,1,38,4
2014-11-01,19,1,35,5
2014-12-01,18,1,32,7
2015-01-01,18,1,37,7
2015-02-01,19,1,37,5
2015-03-01,19,1,38,5
2015-04-01,20,1,38,5
2015-05-01,19,1,34,4
2015-06-01,18,1,34,4
2015-07-01,17,1,38,4
2015-08-01,19,1,37,4
2015-09-01,21,1,39,5
2015-10-01,18,1,40,5
2015-11-01,19,1,37,6
2015-12-01,19,1,35,6
2016-01-01,20,1,35,7
2016-02-01,20,1,41,4
2016-03-01,21,1,40,5
2016-04-01,21,1,44,5
2016-05-01,21,1,39,4
2016-06-01,21,1,36,4
2016-07-01,20,1,37,4
2016-08-01,19,1,39,4
2016-09-01,21,1,38,5
2016-10-01,20,1,40,5
2016-11-01,20,1,40,5
2016-12-01,19,1,36,5
2017-01-01,21,1,40,6
2017-02-01,21,1,40,5
2017-03-01,20,1,42,5
2017-04-01,20,1,42,5
2017-05-01,22,1,44,4
2017-06-01,20,1,39,4
2017-07-01,18,1,38,4
2017-08-01,20,1,40,4
2017-09-01,20,1,38,5
2017-10-01,19,1,43,5
2017-11-01,19,1,42,8
2017-12-01,20,1,38,8
2018-01-01,19,1,44,7
2018-02-01,20,1,44,5
2018-03-01,21,1,45,5
2018-04-01,20,1,46,5
2018-05-01,22,1,42,4
2018-06-01,20,1,41,4
2018-07-01,19,1,42,4
2018-08-01,22,1,42,5
2018-09-01,21,1,42,6
2018-10-01,20,1,45,5
2018-11-01,21,1,42,6
2018-12-01,21,1,39,6
2019-01-01,20,1,45,8
2019-02-01,20,1,45,5
2019-03-01,22,1,44,5
2019-04-01,22,1,48,6
2019-05-01,23,1,48,5
2019-06-01,20,1,43,4
2019-07-01,18,1,44,4
2019-08-01,20,1,45,5
2019-09-01,20,1,46,5
2019-10-01,21,1,51,5
2019-11-01,21,1,43,6
2019-12-01,20,1,42,8
2020-01-01,21,1,47,8
2020-02-01,21,1,48,6
2020-03-01,25,1,39,4
2020-04-01,28,1,36,4
2020-05-01,24,1,35,4
2020-06-01,21,1,38,4
2020-07-01,21,1,41,4
2020-08-01,22,1,42,4
2020-09-01,24,1,41,5
2020-10-01,22,1,45,5
2020-11-01,23,1,36,4
2020-12-01,23,1,39,5
2021-01-01,24,1,41,7
2021-02-01,22,1,45,4
2021-03-01,21,1,46,5
2021-04-01,25,1,49,4
2021-05-01,23,1,48,4
2021-06-01,20,1,47,5
2021-07-01,20,1,47,4
2021-08-01,21,1,48,4
2021-09-01,21,1,48,5
2021-10-01,21,1,47,6
2021-11-01,23,1,49,8
2021-12-01,21,1,46,7
2022-01-01,22,1,51,8
2022-02-01,23,1,53,6
2022-03-01,24,1,56,6
2022-04-01,25,1,56,6
2022-05-01,23,1,51,5
2022-06-01,22,1,58,5
2022-07-01,21,1,52,5
2022-08-01,23,1,54,6
2022-09-01,22,1,54,7
2022-10-01,23,1,53,6
2022-11-01,24,1,52,7
2022-12-01,23,1,50,7
2023-01-01,25,1,55,8
2023-02-01,24,1,57,7
2023-03-01,30,1,59,6
2023-04-01,29,1,57,6
2023-05-01,27,1,59,6
2023-06-01,25,1,54,5
2023-07-01,24,1,54,5
2023-08-01,24,1,56,6
2023-09-01,25,1,56,7
2023-10-01,26,1,57,6
2023-11-01,27,1,57,8
2023-12-01,26,1,54,6
2024-01-01,26,1,62,11
2024-02-01,24,1,61,7
2024-03-01,34,1,59,7
2024-04-01,26,1,60,7
2024-05-01,23,1,56,6
2024-06-01,23,1,56,6
2024-07-01,22,1,56,6
2024-08-01,23,1,59,6
2024-09-01,24,1,56,7
2024-10-01,25,1,59,7
2024-11-01,26,1,58,8
2024-12-01,25,1,55,8
2025-01-01,28,1,63,10
2025-02-01,26,1,67,7
2025-03-01,34,1,67,8
2025-04-01,26,1,69,7
2025-05-01,24,1,63,7
2025-06-01,24,1,69,8
2025-07-01,27,1,77,8
2025-08-01,26,1,72,7
2025-09-01,29,1,74,8
2025-10-01,27,1,71,9
2025-11-01,27,1,76,11
2025-12-01,27,1,75,11
2026-01-01,28,1,82,16
2026-02-01,35,2,91,12
2026-03-01,33,2,93,10
2026-04-01,29,2,100,10
2026-05-01,28,2,98,10
2026-06-01,25,3,99,11
2026-07-01,24,2,82,8
