date,church,prayer,bible,church service,rep
2004-01-01,82.0,9.0,48.0,0.0,2.0
2004-02-01,84.0,9.0,49.0,0.0,2.0
2004-03-01,83.0,10.0,48.0,0.0,2.0
2004-04-01,83.0,10.0,46.0,1.0,2.0
2004-05-01,74.0,11.0,43.0,0.0,2.0
2004-06-01,73.0,8.0,39.0,0.0,2.0
2004-07-01,75.0,9.0,40.0,0.0,2.0
2004-08-01,82.0,8.0,44.0,0.0,2.0
2004-09-01,82.0,11.0,48.0,0.0,2.0
2004-10-01,78.0,12.0,47.0,0.0,2.0
2004-11-01,74.0,13.0,49.0,0.0,2.0
2004-12-01,82.0,11.0,47.0,1.0,2.0
2005-01-01,84.0,10.0,47.0,1.0,2.0
2005-02-01,83.0,10.0,46.0,0.0,2.0
2005-03-01,94.0,10.0,47.0,1.0,2.0
2005-04-01,90.0,12.0,47.0,0.0,2.0
2005-05-01,82.0,11.0,45.0,0.0,2.0
2005-06-01,81.0,9.0,41.0,0.0,2.0
2005-07-01,84.0,8.0,44.0,0.0,2.0
2005-08-01,80.0,9.0,40.0,0.0,2.0
2005-09-01,89.0,11.0,46.0,1.0,2.0
2005-10-01,84.0,11.0,50.0,0.0,2.0
2005-11-01,76.0,11.0,47.0,0.0,2.0
2005-12-01,84.0,10.0,43.0,1.0,2.0
2006-01-01,87.0,10.0,47.0,0.0,2.0
2006-02-01,82.0,10.0,46.0,0.0,2.0
2006-03-01,85.0,10.0,44.0,0.0,2.0
2006-04-01,92.0,11.0,47.0,1.0,2.0
2006-05-01,76.0,10.0,42.0,0.0,2.0
2006-06-01,82.0,8.0,41.0,0.0,2.0
2006-07-01,82.0,9.0,39.0,0.0,2.0
2006-08-01,83.0,9.0,40.0,0.0,2.0
2006-09-01,84.0,11.0,45.0,0.0,2.0
2006-10-01,88.0,11.0,46.0,0.0,2.0
2006-11-01,81.0,11.0,40.0,0.0,2.0
2006-12-01,83.0,10.0,41.0,1.0,2.0
2007-01-01,82.0,10.0,44.0,0.0,2.0
2007-02-01,86.0,10.0,43.0,0.0,2.0
2007-03-01,84.0,9.0,42.0,0.0,2.0
2007-04-01,94.0,11.0,44.0,1.0,2.0
2007-05-01,81.0,11.0,39.0,0.0,2.0
2007-06-01,81.0,9.0,37.0,0.0,2.0
2007-07-01,81.0,9.0,39.0,0.0,2.0
2007-08-01,84.0,9.0,38.0,0.0,2.0
2007-09-01,85.0,11.0,43.0,0.0,2.0
2007-10-01,79.0,10.0,43.0,0.0,2.0
2007-11-01,78.0,11.0,40.0,0.0,2.0
2007-12-01,84.0,10.0,41.0,1.0,2.0
2008-01-01,85.0,10.0,42.0,0.0,2.0
2008-02-01,84.0,10.0,40.0,0.0,2.0
2008-03-01,97.0,10.0,41.0,1.0,2.0
2008-04-01,83.0,11.0,40.0,0.0,2.0
2008-05-01,76.0,10.0,39.0,0.0,2.0
2008-06-01,77.0,9.0,37.0,0.0,2.0
2008-07-01,77.0,9.0,36.0,0.0,2.0
2008-08-01,76.0,9.0,35.0,0.0,2.0
2008-09-01,79.0,11.0,40.0,0.0,2.0
2008-10-01,78.0,10.0,42.0,0.0,2.0
2008-11-01,80.0,12.0,42.0,0.0,2.0
2008-12-01,80.0,10.0,39.0,1.0,2.0
2009-01-01,78.0,11.0,40.0,0.0,2.0
2009-02-01,84.0,10.0,41.0,0.0,2.0
2009-03-01,83.0,10.0,40.0,0.0,2.0
2009-04-01,89.0,10.0,43.0,1.0,2.0
2009-05-01,74.0,11.0,37.0,0.0,2.0
2009-06-01,79.0,9.0,36.0,0.0,2.0
2009-07-01,74.0,9.0,36.0,0.0,2.0
2009-08-01,81.0,10.0,37.0,0.0,2.0
2009-09-01,77.0,11.0,41.0,0.0,2.0
2009-10-01,78.0,10.0,44.0,0.0,2.0
2009-11-01,74.0,12.0,41.0,0.0,2.0
2009-12-01,80.0,10.0,40.0,1.0,2.0
2010-01-01,79.0,10.0,47.0,1.0,2.0
2010-02-01,83.0,10.0,42.0,0.0,2.0
2010-03-01,80.0,11.0,43.0,0.0,2.0
2010-04-01,90.0,13.0,42.0,1.0,2.0
2010-05-01,76.0,12.0,41.0,0.0,2.0
2010-06-01,77.0,9.0,38.0,0.0,2.0
2010-07-01,71.0,9.0,36.0,0.0,2.0
2010-08-01,76.0,11.0,38.0,0.0,2.0
2010-09-01,77.0,11.0,42.0,0.0,2.0
2010-10-01,72.0,10.0,41.0,0.0,2.0
2010-11-01,70.0,11.0,40.0,0.0,2.0
2010-12-01,74.0,10.0,39.0,1.0,2.0
2011-01-01,85.0,12.0,49.0,1.0,2.0
2011-02-01,83.0,11.0,49.0,0.0,2.0
2011-03-01,86.0,12.0,47.0,1.0,2.0
2011-04-01,100.0,12.0,49.0,1.0,2.0
2011-05-01,86.0,12.0,48.0,0.0,2.0
2011-06-01,84.0,10.0,41.0,0.0,2.0
2011-07-01,83.0,11.0,42.0,0.0,2.0
2011-08-01,85.0,13.0,42.0,0.0,2.0
2011-09-01,83.0,11.0,47.0,1.0,2.0
2011-10-01,80.0,12.0,45.0,0.0,2.0
2011-11-01,77.0,12.0,46.0,0.0,2.0
2011-12-01,89.0,11.0,46.0,1.0,2.0
2012-01-01,85.0,12.0,49.0,1.0,2.0
2012-02-01,90.0,12.0,53.0,1.0,2.0
2012-03-01,81.0,12.0,46.0,0.0,2.0
2012-04-01,97.0,12.0,48.0,1.0,2.0
2012-05-01,90.0,12.0,46.0,0.0,2.0
2012-06-01,84.0,10.0,42.0,1.0,2.0
2012-07-01,82.0,11.0,43.0,1.0,2.0
2012-08-01,80.0,12.0,46.0,0.0,2.0
2012-09-01,79.0,12.0,50.0,1.0,2.0
2012-10-01,75.0,11.0,47.0,0.0,2.0
2012-11-01,76.0,12.0,46.0,1.0,2.0
2012-12-01,93.0,13.0,46.0,1.0,2.0
2013-01-01,77.0,11.0,49.0,1.0,2.0
2013-02-01,81.0,12.0,48.0,1.0,2.0
2013-03-01,91.0,13.0,65.0,1.0,2.0
2013-04-01,80.0,11.0,48.0,1.0,2.0
2013-05-01,74.0,12.0,47.0,0.0,2.0
2013-06-01,76.0,10.0,45.0,1.0,2.0
2013-07-01,74.0,12.0,43.0,0.0,2.0
2013-08-01,80.0,11.0,45.0,1.0,2.0
2013-09-01,80.0,12.0,48.0,1.0,2.0
2013-10-01,77.0,11.0,49.0,0.0,2.0
2013-11-01,75.0,12.0,40.0,1.0,2.0
2013-12-01,81.0,11.0,46.0,1.0,2.0
2014-01-01,78.0,11.0,50.0,1.0,2.0
2014-02-01,75.0,11.0,49.0,1.0,2.0
2014-03-01,87.0,11.0,46.0,1.0,2.0
2014-04-01,90.0,12.0,51.0,1.0,2.0
2014-05-01,74.0,12.0,46.0,1.0,2.0
2014-06-01,79.0,11.0,45.0,1.0,2.0
2014-07-01,72.0,12.0,44.0,1.0,2.0
2014-08-01,79.0,11.0,46.0,1.0,2.0
2014-09-01,77.0,12.0,50.0,0.0,2.0
2014-10-01,76.0,11.0,46.0,1.0,2.0
2014-11-01,76.0,12.0,43.0,1.0,2.0
2014-12-01,87.0,12.0,44.0,1.0,2.0
2015-01-01,85.0,12.0,47.0,1.0,2.0
2015-02-01,84.0,12.0,46.0,1.0,2.0
2015-03-01,84.0,12.0,46.0,1.0,2.0
2015-04-01,90.0,12.0,50.0,1.0,2.0
2015-05-01,77.0,12.0,44.0,0.0,2.0
2015-06-01,85.0,12.0,48.0,1.0,2.0
2015-07-01,77.0,11.0,45.0,1.0,2.0
2015-08-01,81.0,12.0,47.0,1.0,2.0
2015-09-01,75.0,14.0,52.0,1.0,2.0
2015-10-01,74.0,12.0,47.0,1.0,2.0
2015-11-01,71.0,12.0,45.0,1.0,2.0
2015-12-01,79.0,13.0,43.0,1.0,2.0
2016-01-01,76.0,13.0,48.0,1.0,2.0
2016-02-01,80.0,13.0,46.0,1.0,2.0
2016-03-01,90.0,13.0,47.0,1.0,2.0
2016-04-01,79.0,13.0,46.0,1.0,2.0
2016-05-01,79.0,14.0,47.0,1.0,2.0
2016-06-01,79.0,13.0,43.0,1.0,2.0
2016-07-01,78.0,13.0,42.0,1.0,2.0
2016-08-01,75.0,13.0,42.0,1.0,2.0
2016-09-01,78.0,14.0,44.0,1.0,2.0
2016-10-01,76.0,13.0,43.0,1.0,2.0
2016-11-01,73.0,13.0,42.0,1.0,2.0
2016-12-01,80.0,12.0,39.0,1.0,2.0
2017-01-01,79.0,14.0,48.0,1.0,2.0
2017-02-01,78.0,14.0,47.0,1.0,2.0
2017-03-01,79.0,13.0,44.0,1.0,2.0
2017-04-01,94.0,13.0,46.0,1.0,2.0
2017-05-01,75.0,15.0,42.0,1.0,2.0
2017-06-01,75.0,13.0,41.0,1.0,2.0
2017-07-01,77.0,12.0,43.0,1.0,2.0
2017-08-01,77.0,13.0,43.0,1.0,2.0
2017-09-01,75.0,14.0,45.0,1.0,2.0
2017-10-01,78.0,12.0,41.0,1.0,2.0
2017-11-01,82.0,13.0,44.0,1.0,2.0
2017-12-01,86.0,13.0,43.0,1.0,2.0
2018-01-01,75.0,13.0,46.0,1.0,2.0
2018-02-01,80.0,13.0,46.0,1.0,2.0
2018-03-01,84.0,13.0,46.0,1.0,2.0
2018-04-01,86.0,13.0,46.0,1.0,2.0
2018-05-01,69.0,14.0,42.0,1.0,2.0
2018-06-01,75.0,12.0,43.0,1.0,2.0
2018-07-01,81.0,13.0,42.0,1.0,2.0
2018-08-01,78.0,13.0,44.0,1.0,2.0
2018-09-01,77.0,13.0,44.0,1.0,2.0
2018-10-01,76.0,13.0,43.0,1.0,2.0
2018-11-01,72.0,13.0,40.0,1.0,2.0
2018-12-01,83.0,13.0,41.0,2.0,2.0
2019-01-01,75.0,13.0,47.0,1.0,2.0
2019-02-01,75.0,13.0,48.0,1.0,2.0
2019-03-01,84.0,13.0,42.0,1.0,2.0
2019-04-01,98.0,14.0,46.0,1.0,2.0
2019-05-01,74.0,15.0,43.0,1.0,2.0
2019-06-01,76.0,13.0,41.0,1.0,2.0
2019-07-01,73.0,12.0,41.0,1.0,2.0
2019-08-01,72.0,13.0,39.0,1.0,2.0
2019-09-01,76.0,13.0,42.0,1.0,2.0
2019-10-01,75.0,14.0,43.0,1.0,2.0
2019-11-01,70.0,13.0,42.0,1.0,2.0
2019-12-01,86.0,13.0,41.0,1.0,2.0
2020-01-01,74.0,14.0,47.0,1.0,2.0
2020-02-01,76.0,14.0,45.0,1.0,2.0
2020-03-01,83.0,17.0,48.0,1.0,2.0
2020-04-01,80.0,18.0,51.0,2.0,2.0
2020-05-01,65.0,16.0,45.0,1.0,2.0
2020-06-01,68.0,14.0,49.0,1.0,2.0
2020-07-01,61.0,13.0,44.0,1.0,2.0
2020-08-01,63.0,15.0,44.0,1.0,2.0
2020-09-01,59.0,16.0,44.0,1.0,2.0
2020-10-01,61.0,14.0,43.0,1.0,2.0
2020-11-01,57.0,15.0,41.0,1.0,2.0
2020-12-01,64.0,15.0,42.0,1.0,2.0
2021-01-01,61.0,15.0,49.0,1.0,2.0
2021-02-01,67.0,14.0,46.0,1.0,2.0
2021-03-01,63.0,14.0,41.0,1.0,2.0
2021-04-01,71.0,16.0,42.0,1.0,2.0
2021-05-01,64.0,15.0,42.0,1.0,2.0
2021-06-01,65.0,12.0,41.0,1.0,2.0
2021-07-01,64.0,12.0,41.0,1.0,2.0
2021-08-01,66.0,14.0,43.0,1.0,2.0
2021-09-01,65.0,14.0,45.0,1.0,2.0
2021-10-01,68.0,14.0,42.0,1.0,2.0
2021-11-01,63.0,16.0,43.0,1.0,2.0
2021-12-01,73.0,14.0,42.0,1.0,2.0
2022-01-01,71.0,15.0,51.0,1.0,2.0
2022-02-01,70.0,14.0,51.0,1.0,2.0
2022-03-01,80.0,15.0,49.0,1.0,2.0
2022-04-01,81.0,17.0,49.0,1.0,2.0
2022-05-01,76.0,14.0,48.0,1.0,2.0
2022-06-01,72.0,14.0,45.0,1.0,2.0
2022-07-01,73.0,14.0,47.0,1.0,2.0
2022-08-01,71.0,15.0,47.0,1.0,2.0
2022-09-01,65.0,14.0,47.0,1.0,2.0
2022-10-01,71.0,14.0,48.0,1.0,2.0
2022-11-01,65.0,16.0,44.0,1.0,2.0
2022-12-01,71.0,15.0,47.0,1.0,2.0
2023-01-01,72.0,16.0,51.0,1.0,2.0
2023-02-01,76.0,16.0,53.0,1.0,2.0
2023-03-01,71.0,19.0,52.0,1.0,2.0
2023-04-01,83.0,20.0,56.0,1.0,2.0
2023-05-01,72.0,17.0,53.0,1.0,2.0
2023-06-01,78.0,16.0,53.0,1.0,2.0
2023-07-01,75.0,15.0,52.0,1.0,2.0
2023-08-01,70.0,15.0,51.0,1.0,2.0
2023-09-01,71.0,16.0,54.0,1.0,2.0
2023-10-01,73.0,17.0,57.0,1.0,2.0
2023-11-01,69.0,17.0,54.0,1.0,2.0
2023-12-01,80.0,17.0,53.0,1.0,2.0
2024-01-01,70.0,17.0,60.0,1.0,2.0
2024-02-01,80.0,16.0,59.0,1.0,2.0
2024-03-01,83.0,20.0,59.0,1.0,2.0
2024-04-01,70.0,17.0,59.0,1.0,2.0
2024-05-01,69.0,16.0,54.0,1.0,2.0
2024-06-01,76.0,14.0,51.0,1.0,2.0
2024-07-01,67.0,14.0,54.0,1.0,2.0
2024-08-01,70.0,16.0,54.0,1.0,2.0
2024-09-01,72.0,16.0,54.0,1.0,2.0
2024-10-01,69.0,16.0,57.0,1.0,2.0
2024-11-01,64.0,17.0,57.0,1.0,2.0
2024-12-01,76.0,16.0,55.0,1.0,2.0
2025-01-01,66.0,18.0,65.0,1.0,2.0
2025-02-01,71.0,16.0,64.0,1.0,2.0
2025-03-01,74.0,22.0,64.0,1.0,2.0
2025-04-01,87.0,17.0,65.0,2.0,2.0
2025-05-01,72.0,16.0,57.0,1.0,2.0
2025-06-01,75.0,16.0,61.0,1.0,2.0
2025-07-01,75.0,18.0,61.0,1.0,2.0
2025-08-01,79.0,18.0,61.0,1.0,2.0
2025-09-01,88.0,19.0,72.0,1.0,2.0
2025-10-01,79.0,18.0,68.0,1.0,2.0
2025-11-01,82.0,18.0,66.0,1.0,2.0
2025-12-01,87.0,18.0,65.0,2.0,2.0
2026-01-01,81.0,18.0,71.0,2.0,2.0
2026-02-01,93.0,21.0,66.0,2.0,2.0
2026-03-01,81.0,21.0,70.0,2.0,2.0
2026-04-01,88.0,19.0,74.0,2.0,2.0
2026-05-01,79.0,18.0,66.0,2.0,2.0
2026-06-01,78.0,16.0,60.0,2.0,2.0
2026-07-01,71.0,15.0,60.0,1.0,2.0
