date,church,meditation,mindfulness,manifestation,chakras,rep
2004-01-01,82.0,4.0,0.0,0.0,0.0,2.0
2004-02-01,84.0,3.0,0.0,0.0,0.0,2.0
2004-03-01,84.0,3.0,0.0,0.0,0.0,2.0
2004-04-01,83.0,3.0,0.0,0.0,0.0,2.0
2004-05-01,75.0,3.0,0.0,0.0,0.0,2.0
2004-06-01,74.0,3.0,0.0,0.0,0.0,2.0
2004-07-01,76.0,3.0,0.0,0.0,0.0,2.0
2004-08-01,81.0,3.0,0.0,0.0,0.0,2.0
2004-09-01,82.0,3.0,0.0,0.0,0.0,2.0
2004-10-01,78.0,3.0,0.0,0.0,0.0,2.0
2004-11-01,74.0,3.0,0.0,0.0,0.0,2.0
2004-12-01,82.0,3.0,0.0,0.0,0.0,2.0
2005-01-01,84.0,3.0,0.0,0.0,0.0,2.0
2005-02-01,83.0,3.0,0.0,0.0,0.0,2.0
2005-03-01,95.0,3.0,0.0,0.0,0.0,2.0
2005-04-01,91.0,3.0,0.0,0.0,0.0,2.0
2005-05-01,82.0,3.0,0.0,0.0,0.0,2.0
2005-06-01,81.0,3.0,0.0,0.0,0.0,2.0
2005-07-01,84.0,3.0,0.0,0.0,0.0,2.0
2005-08-01,82.0,3.0,0.0,0.0,0.0,2.0
2005-09-01,89.0,3.0,0.0,0.0,0.0,2.0
2005-10-01,85.0,3.0,0.0,0.0,0.0,2.0
2005-11-01,76.0,3.0,0.0,0.0,0.0,2.0
2005-12-01,84.0,3.0,0.0,0.0,0.0,2.0
2006-01-01,89.0,3.0,0.0,0.0,0.0,2.0
2006-02-01,82.0,3.0,0.0,0.0,0.0,2.0
2006-03-01,85.0,3.0,0.0,0.0,0.0,2.0
2006-04-01,93.0,3.0,0.0,0.0,0.0,2.0
2006-05-01,77.0,3.0,0.0,0.0,0.0,2.0
2006-06-01,82.0,3.0,0.0,0.0,0.0,2.0
2006-07-01,83.0,3.0,0.0,0.0,0.0,2.0
2006-08-01,84.0,3.0,0.0,0.0,0.0,2.0
2006-09-01,85.0,2.0,0.0,0.0,0.0,2.0
2006-10-01,88.0,3.0,0.0,0.0,0.0,2.0
2006-11-01,81.0,3.0,0.0,0.0,0.0,2.0
2006-12-01,83.0,2.0,0.0,0.0,0.0,2.0
2007-01-01,81.0,3.0,0.0,0.0,0.0,2.0
2007-02-01,86.0,3.0,0.0,0.0,0.0,2.0
2007-03-01,84.0,2.0,0.0,0.0,0.0,2.0
2007-04-01,95.0,3.0,0.0,0.0,0.0,2.0
2007-05-01,81.0,3.0,0.0,0.0,0.0,2.0
2007-06-01,82.0,2.0,0.0,0.0,0.0,2.0
2007-07-01,81.0,2.0,0.0,0.0,0.0,2.0
2007-08-01,84.0,3.0,0.0,0.0,0.0,2.0
2007-09-01,86.0,3.0,0.0,0.0,0.0,2.0
2007-10-01,80.0,3.0,0.0,0.0,0.0,2.0
2007-11-01,78.0,3.0,0.0,0.0,0.0,2.0
2007-12-01,84.0,3.0,0.0,0.0,0.0,2.0
2008-01-01,85.0,3.0,0.0,0.0,0.0,2.0
2008-02-01,85.0,3.0,0.0,0.0,0.0,2.0
2008-03-01,97.0,3.0,0.0,0.0,0.0,2.0
2008-04-01,84.0,3.0,0.0,0.0,0.0,2.0
2008-05-01,75.0,2.0,0.0,0.0,0.0,2.0
2008-06-01,77.0,2.0,0.0,0.0,0.0,2.0
2008-07-01,77.0,2.0,0.0,0.0,0.0,2.0
2008-08-01,77.0,2.0,0.0,0.0,0.0,2.0
2008-09-01,79.0,2.0,0.0,0.0,0.0,2.0
2008-10-01,78.0,3.0,0.0,0.0,0.0,2.0
2008-11-01,80.0,3.0,0.0,0.0,0.0,2.0
2008-12-01,80.0,2.0,0.0,0.0,0.0,2.0
2009-01-01,79.0,3.0,0.0,0.0,0.0,2.0
2009-02-01,84.0,3.0,0.0,0.0,0.0,2.0
2009-03-01,83.0,3.0,0.0,0.0,0.0,2.0
2009-04-01,89.0,3.0,0.0,0.0,0.0,2.0
2009-05-01,76.0,3.0,0.0,0.0,0.0,2.0
2009-06-01,80.0,2.0,0.0,0.0,0.0,2.0
2009-07-01,76.0,2.0,0.0,0.0,0.0,2.0
2009-08-01,81.0,2.0,0.0,0.0,0.0,2.0
2009-09-01,77.0,3.0,0.0,0.0,0.0,2.0
2009-10-01,78.0,3.0,0.0,0.0,0.0,2.0
2009-11-01,74.0,3.0,0.0,0.0,0.0,2.0
2009-12-01,80.0,2.0,0.0,0.0,0.0,2.0
2010-01-01,79.0,3.0,0.0,0.0,0.0,2.0
2010-02-01,83.0,3.0,0.0,0.0,0.0,2.0
2010-03-01,81.0,3.0,0.0,0.0,0.0,2.0
2010-04-01,91.0,3.0,0.0,0.0,0.0,2.0
2010-05-01,77.0,3.0,0.0,0.0,0.0,2.0
2010-06-01,77.0,2.0,0.0,0.0,0.0,2.0
2010-07-01,71.0,3.0,0.0,0.0,0.0,2.0
2010-08-01,76.0,3.0,0.0,0.0,0.0,2.0
2010-09-01,77.0,3.0,0.0,0.0,0.0,2.0
2010-10-01,72.0,3.0,0.0,0.0,0.0,2.0
2010-11-01,71.0,3.0,0.0,0.0,0.0,2.0
2010-12-01,75.0,3.0,0.0,0.0,0.0,2.0
2011-01-01,85.0,3.0,0.0,0.0,0.0,2.0
2011-02-01,83.0,3.0,0.0,0.0,0.0,2.0
2011-03-01,86.0,3.0,0.0,0.0,0.0,2.0
2011-04-01,100.0,3.0,0.0,0.0,0.0,2.0
2011-05-01,86.0,3.0,0.0,0.0,0.0,2.0
2011-06-01,85.0,3.0,0.0,0.0,0.0,2.0
2011-07-01,83.0,3.0,0.0,0.0,0.0,2.0
2011-08-01,86.0,3.0,0.0,0.0,0.0,2.0
2011-09-01,82.0,3.0,0.0,0.0,0.0,2.0
2011-10-01,81.0,3.0,0.0,0.0,0.0,2.0
2011-11-01,77.0,3.0,0.0,0.0,0.0,2.0
2011-12-01,90.0,3.0,0.0,0.0,0.0,2.0
2012-01-01,85.0,3.0,0.0,0.0,0.0,2.0
2012-02-01,90.0,3.0,0.0,0.0,0.0,2.0
2012-03-01,82.0,3.0,0.0,0.0,0.0,2.0
2012-04-01,97.0,3.0,0.0,0.0,0.0,2.0
2012-05-01,90.0,3.0,0.0,0.0,0.0,2.0
2012-06-01,85.0,3.0,0.0,0.0,0.0,2.0
2012-07-01,83.0,3.0,0.0,0.0,0.0,2.0
2012-08-01,80.0,3.0,0.0,0.0,0.0,2.0
2012-09-01,78.0,3.0,0.0,0.0,0.0,2.0
2012-10-01,75.0,3.0,0.0,0.0,0.0,2.0
2012-11-01,76.0,3.0,0.0,0.0,0.0,2.0
2012-12-01,92.0,3.0,0.0,0.0,0.0,2.0
2013-01-01,77.0,3.0,0.0,0.0,0.0,2.0
2013-02-01,82.0,4.0,0.0,0.0,0.0,2.0
2013-03-01,92.0,4.0,0.0,0.0,0.0,2.0
2013-04-01,81.0,4.0,0.0,0.0,0.0,2.0
2013-05-01,74.0,3.0,0.0,0.0,0.0,2.0
2013-06-01,76.0,3.0,0.0,0.0,0.0,2.0
2013-07-01,74.0,4.0,0.0,0.0,0.0,2.0
2013-08-01,80.0,4.0,0.0,0.0,0.0,2.0
2013-09-01,80.0,4.0,0.0,0.0,0.0,2.0
2013-10-01,78.0,4.0,0.0,0.0,0.0,2.0
2013-11-01,75.0,4.0,1.0,0.0,0.0,2.0
2013-12-01,81.0,4.0,0.0,0.0,0.0,2.0
2014-01-01,77.0,4.0,1.0,0.0,0.0,2.0
2014-02-01,76.0,4.0,1.0,0.0,0.0,2.0
2014-03-01,88.0,4.0,1.0,0.0,0.0,2.0
2014-04-01,90.0,4.0,1.0,0.0,0.0,2.0
2014-05-01,75.0,4.0,1.0,0.0,0.0,2.0
2014-06-01,80.0,4.0,1.0,0.0,0.0,2.0
2014-07-01,74.0,4.0,1.0,0.0,0.0,2.0
2014-08-01,79.0,4.0,0.0,0.0,0.0,2.0
2014-09-01,77.0,4.0,1.0,0.0,0.0,2.0
2014-10-01,76.0,4.0,1.0,0.0,0.0,2.0
2014-11-01,75.0,4.0,1.0,0.0,0.0,2.0
2014-12-01,87.0,4.0,1.0,0.0,0.0,2.0
2015-01-01,86.0,5.0,1.0,0.0,0.0,2.0
2015-02-01,84.0,4.0,1.0,0.0,0.0,2.0
2015-03-01,85.0,5.0,1.0,0.0,0.0,2.0
2015-04-01,90.0,4.0,1.0,0.0,0.0,2.0
2015-05-01,78.0,4.0,1.0,0.0,0.0,2.0
2015-06-01,83.0,4.0,1.0,0.0,0.0,2.0
2015-07-01,78.0,4.0,1.0,0.0,0.0,2.0
2015-08-01,81.0,4.0,1.0,0.0,0.0,2.0
2015-09-01,74.0,4.0,1.0,0.0,0.0,2.0
2015-10-01,74.0,4.0,1.0,0.0,0.0,2.0
2015-11-01,71.0,4.0,1.0,0.0,0.0,2.0
2015-12-01,79.0,4.0,1.0,0.0,0.0,2.0
2016-01-01,76.0,5.0,1.0,0.0,0.0,2.0
2016-02-01,81.0,5.0,1.0,0.0,0.0,2.0
2016-03-01,91.0,5.0,1.0,0.0,0.0,2.0
2016-04-01,80.0,5.0,1.0,0.0,0.0,2.0
2016-05-01,80.0,5.0,1.0,0.0,0.0,2.0
2016-06-01,80.0,4.0,1.0,0.0,0.0,2.0
2016-07-01,79.0,4.0,1.0,0.0,0.0,2.0
2016-08-01,75.0,4.0,1.0,0.0,0.0,2.0
2016-09-01,77.0,4.0,1.0,0.0,0.0,2.0
2016-10-01,77.0,5.0,1.0,0.0,0.0,2.0
2016-11-01,75.0,5.0,1.0,0.0,0.0,2.0
2016-12-01,80.0,4.0,1.0,0.0,0.0,2.0
2017-01-01,79.0,5.0,1.0,0.0,0.0,2.0
2017-02-01,79.0,5.0,1.0,0.0,0.0,2.0
2017-03-01,81.0,5.0,1.0,0.0,0.0,2.0
2017-04-01,94.0,5.0,1.0,0.0,0.0,2.0
2017-05-01,76.0,5.0,1.0,0.0,0.0,2.0
2017-06-01,75.0,4.0,1.0,0.0,0.0,2.0
2017-07-01,77.0,5.0,1.0,0.0,0.0,2.0
2017-08-01,77.0,5.0,1.0,0.0,0.0,2.0
2017-09-01,75.0,5.0,1.0,0.0,0.0,2.0
2017-10-01,78.0,5.0,1.0,0.0,0.0,2.0
2017-11-01,81.0,5.0,1.0,0.0,0.0,2.0
2017-12-01,85.0,4.0,1.0,0.0,0.0,2.0
2018-01-01,75.0,5.0,1.0,0.0,1.0,2.0
2018-02-01,80.0,5.0,1.0,0.0,1.0,2.0
2018-03-01,85.0,5.0,1.0,0.0,1.0,2.0
2018-04-01,87.0,5.0,1.0,0.0,0.0,2.0
2018-05-01,69.0,5.0,1.0,0.0,0.0,2.0
2018-06-01,75.0,5.0,1.0,0.0,0.0,2.0
2018-07-01,82.0,5.0,1.0,0.0,1.0,2.0
2018-08-01,78.0,5.0,1.0,0.0,0.0,2.0
2018-09-01,78.0,5.0,1.0,0.0,0.0,2.0
2018-10-01,76.0,5.0,1.0,0.0,0.0,2.0
2018-11-01,73.0,5.0,1.0,0.0,0.0,2.0
2018-12-01,83.0,5.0,1.0,0.0,0.0,2.0
2019-01-01,76.0,5.0,1.0,0.0,1.0,2.0
2019-02-01,75.0,5.0,1.0,0.0,0.0,2.0
2019-03-01,85.0,5.0,1.0,0.0,0.0,2.0
2019-04-01,100.0,5.0,1.0,0.0,0.0,2.0
2019-05-01,74.0,5.0,1.0,0.0,0.0,2.0
2019-06-01,77.0,5.0,1.0,0.0,1.0,2.0
2019-07-01,73.0,5.0,1.0,0.0,1.0,2.0
2019-08-01,73.0,5.0,1.0,0.0,0.0,2.0
2019-09-01,76.0,5.0,1.0,0.0,0.0,2.0
2019-10-01,75.0,5.0,1.0,0.0,0.0,2.0
2019-11-01,70.0,5.0,1.0,0.0,0.0,2.0
2019-12-01,86.0,5.0,1.0,0.0,0.0,2.0
2020-01-01,75.0,6.0,1.0,0.0,0.0,2.0
2020-02-01,77.0,5.0,1.0,0.0,0.0,2.0
2020-03-01,83.0,5.0,1.0,0.0,0.0,2.0
2020-04-01,80.0,6.0,1.0,0.0,1.0,2.0
2020-05-01,64.0,5.0,1.0,0.0,1.0,2.0
2020-06-01,68.0,5.0,1.0,1.0,1.0,2.0
2020-07-01,61.0,5.0,1.0,1.0,1.0,2.0
2020-08-01,64.0,5.0,1.0,1.0,1.0,2.0
2020-09-01,59.0,5.0,1.0,1.0,1.0,2.0
2020-10-01,61.0,5.0,1.0,1.0,1.0,2.0
2020-11-01,57.0,4.0,1.0,1.0,1.0,2.0
2020-12-01,63.0,5.0,1.0,1.0,1.0,2.0
2021-01-01,61.0,6.0,1.0,1.0,1.0,2.0
2021-02-01,67.0,5.0,1.0,1.0,1.0,2.0
2021-03-01,63.0,4.0,1.0,1.0,1.0,2.0
2021-04-01,71.0,5.0,1.0,1.0,1.0,2.0
2021-05-01,65.0,5.0,1.0,1.0,1.0,2.0
2021-06-01,65.0,4.0,1.0,1.0,1.0,2.0
2021-07-01,64.0,4.0,1.0,1.0,1.0,2.0
2021-08-01,66.0,4.0,1.0,1.0,1.0,2.0
2021-09-01,64.0,5.0,1.0,1.0,0.0,2.0
2021-10-01,68.0,4.0,1.0,1.0,0.0,2.0
2021-11-01,63.0,4.0,1.0,1.0,0.0,2.0
2021-12-01,74.0,4.0,1.0,1.0,0.0,2.0
2022-01-01,72.0,5.0,1.0,1.0,1.0,2.0
2022-02-01,70.0,5.0,1.0,1.0,1.0,2.0
2022-03-01,80.0,5.0,1.0,1.0,0.0,2.0
2022-04-01,81.0,5.0,1.0,1.0,0.0,2.0
2022-05-01,76.0,4.0,1.0,1.0,0.0,2.0
2022-06-01,73.0,4.0,1.0,1.0,0.0,2.0
2022-07-01,73.0,4.0,1.0,1.0,0.0,2.0
2022-08-01,71.0,4.0,1.0,1.0,0.0,2.0
2022-09-01,65.0,5.0,1.0,1.0,0.0,2.0
2022-10-01,71.0,4.0,1.0,1.0,0.0,2.0
2022-11-01,65.0,4.0,1.0,1.0,0.0,2.0
2022-12-01,72.0,4.0,1.0,1.0,0.0,2.0
2023-01-01,73.0,5.0,1.0,1.0,0.0,2.0
2023-02-01,76.0,5.0,1.0,1.0,0.0,2.0
2023-03-01,73.0,5.0,1.0,1.0,0.0,2.0
2023-04-01,84.0,4.0,1.0,1.0,0.0,2.0
2023-05-01,71.0,4.0,1.0,1.0,0.0,2.0
2023-06-01,78.0,4.0,1.0,1.0,0.0,2.0
2023-07-01,74.0,4.0,1.0,1.0,0.0,2.0
2023-08-01,70.0,4.0,1.0,1.0,0.0,2.0
2023-09-01,72.0,4.0,1.0,1.0,0.0,2.0
2023-10-01,73.0,4.0,1.0,1.0,0.0,2.0
2023-11-01,70.0,4.0,1.0,1.0,0.0,2.0
2023-12-01,79.0,4.0,1.0,1.0,0.0,2.0
2024-01-01,71.0,4.0,1.0,1.0,0.0,2.0
2024-02-01,80.0,4.0,1.0,1.0,0.0,2.0
2024-03-01,84.0,4.0,1.0,1.0,0.0,2.0
2024-04-01,71.0,4.0,1.0,1.0,0.0,2.0
2024-05-01,69.0,4.0,1.0,1.0,0.0,2.0
2024-06-01,77.0,3.0,1.0,1.0,0.0,2.0
2024-07-01,67.0,4.0,1.0,1.0,0.0,2.0
2024-08-01,71.0,4.0,1.0,1.0,0.0,2.0
2024-09-01,73.0,4.0,1.0,1.0,0.0,2.0
2024-10-01,69.0,4.0,1.0,1.0,0.0,2.0
2024-11-01,64.0,4.0,1.0,1.0,0.0,2.0
2024-12-01,76.0,3.0,1.0,1.0,0.0,2.0
2025-01-01,66.0,4.0,1.0,1.0,0.0,2.0
2025-02-01,71.0,4.0,1.0,1.0,0.0,2.0
2025-03-01,74.0,4.0,1.0,1.0,0.0,2.0
2025-04-01,88.0,4.0,1.0,1.0,0.0,2.0
2025-05-01,71.0,3.0,1.0,1.0,0.0,2.0
2025-06-01,77.0,4.0,1.0,1.0,0.0,2.0
2025-07-01,75.0,4.0,1.0,1.0,0.0,2.0
2025-08-01,79.0,4.0,1.0,1.0,0.0,2.0
2025-09-01,89.0,4.0,1.0,1.0,0.0,2.0
2025-10-01,79.0,4.0,1.0,1.0,0.0,2.0
2025-11-01,81.0,3.0,1.0,1.0,0.0,2.0
2025-12-01,87.0,4.0,1.0,1.0,0.0,2.0
2026-01-01,82.0,4.0,2.0,1.0,0.0,2.0
2026-02-01,94.0,6.0,4.0,1.0,0.0,2.0
2026-03-01,82.0,4.0,2.0,1.0,0.0,2.0
2026-04-01,88.0,5.0,2.0,1.0,0.0,2.0
2026-05-01,80.0,6.0,2.0,1.0,0.0,2.0
2026-06-01,79.0,6.0,3.0,1.0,0.0,2.0
2026-07-01,73.0,7.0,2.0,1.0,0.0,2.0
