date,church,prayer,bible,church service
2004-01-01,82,9,48,0
2004-02-01,84,9,49,0
2004-03-01,83,10,48,0
2004-04-01,83,10,46,1
2004-05-01,74,11,43,0
2004-06-01,73,8,39,0
2004-07-01,75,9,40,0
2004-08-01,82,8,44,0
2004-09-01,82,11,48,0
2004-10-01,78,12,47,0
2004-11-01,74,13,49,0
2004-12-01,82,11,47,1
2005-01-01,84,10,47,1
2005-02-01,83,10,46,0
2005-03-01,94,10,47,1
2005-04-01,90,12,47,0
2005-05-01,82,11,45,0
2005-06-01,81,9,41,0
2005-07-01,84,8,44,0
2005-08-01,80,9,40,0
2005-09-01,89,11,46,1
2005-10-01,84,11,50,0
2005-11-01,76,11,47,0
2005-12-01,84,10,43,1
2006-01-01,87,10,47,0
2006-02-01,82,10,46,0
2006-03-01,85,10,44,0
2006-04-01,92,11,47,1
2006-05-01,76,10,42,0
2006-06-01,82,8,41,0
2006-07-01,82,9,39,0
2006-08-01,83,9,40,0
2006-09-01,84,11,45,0
2006-10-01,88,11,46,0
2006-11-01,81,11,40,0
2006-12-01,83,10,41,1
2007-01-01,82,10,44,0
2007-02-01,86,10,43,0
2007-03-01,84,9,42,0
2007-04-01,94,11,44,1
2007-05-01,81,11,39,0
2007-06-01,81,9,37,0
2007-07-01,81,9,39,0
2007-08-01,84,9,38,0
2007-09-01,85,11,43,0
2007-10-01,79,10,43,0
2007-11-01,78,11,40,0
2007-12-01,84,10,41,1
2008-01-01,85,10,42,0
2008-02-01,84,10,40,0
2008-03-01,97,10,41,1
2008-04-01,83,11,40,0
2008-05-01,76,10,39,0
2008-06-01,77,9,37,0
2008-07-01,77,9,36,0
2008-08-01,76,9,35,0
2008-09-01,79,11,40,0
2008-10-01,78,10,42,0
2008-11-01,80,12,42,0
2008-12-01,80,10,39,1
2009-01-01,78,11,40,0
2009-02-01,84,10,41,0
2009-03-01,83,10,40,0
2009-04-01,89,10,43,1
2009-05-01,74,11,37,0
2009-06-01,79,9,36,0
2009-07-01,74,9,36,0
2009-08-01,81,10,37,0
2009-09-01,77,11,41,0
2009-10-01,78,10,44,0
2009-11-01,74,12,41,0
2009-12-01,80,10,40,1
2010-01-01,79,10,47,1
2010-02-01,83,10,42,0
2010-03-01,80,11,43,0
2010-04-01,90,13,42,1
2010-05-01,76,12,41,0
2010-06-01,77,9,38,0
2010-07-01,71,9,36,0
2010-08-01,76,11,38,0
2010-09-01,77,11,42,0
2010-10-01,72,10,41,0
2010-11-01,70,11,40,0
2010-12-01,74,10,39,1
2011-01-01,85,12,49,1
2011-02-01,83,11,49,0
2011-03-01,86,12,47,1
2011-04-01,100,12,49,1
2011-05-01,86,12,48,0
2011-06-01,84,10,41,0
2011-07-01,83,11,42,0
2011-08-01,85,13,42,0
2011-09-01,83,11,47,1
2011-10-01,80,12,45,0
2011-11-01,77,12,46,0
2011-12-01,89,11,46,1
2012-01-01,85,12,49,1
2012-02-01,90,12,53,1
2012-03-01,81,12,46,0
2012-04-01,97,12,48,1
2012-05-01,90,12,46,0
2012-06-01,84,10,42,1
2012-07-01,82,11,43,1
2012-08-01,80,12,46,0
2012-09-01,79,12,50,1
2012-10-01,75,11,47,0
2012-11-01,76,12,46,1
2012-12-01,93,13,46,1
2013-01-01,77,11,49,1
2013-02-01,81,12,48,1
2013-03-01,91,13,65,1
2013-04-01,80,11,48,1
2013-05-01,74,12,47,0
2013-06-01,76,10,45,1
2013-07-01,74,12,43,0
2013-08-01,80,11,45,1
2013-09-01,80,12,48,1
2013-10-01,77,11,49,0
2013-11-01,75,12,40,1
2013-12-01,81,11,46,1
2014-01-01,78,11,50,1
2014-02-01,75,11,49,1
2014-03-01,87,11,46,1
2014-04-01,90,12,51,1
2014-05-01,74,12,46,1
2014-06-01,79,11,45,1
2014-07-01,72,12,44,1
2014-08-01,79,11,46,1
2014-09-01,77,12,50,0
2014-10-01,76,11,46,1
2014-11-01,76,12,43,1
2014-12-01,87,12,44,1
2015-01-01,85,12,47,1
2015-02-01,84,12,46,1
2015-03-01,84,12,46,1
2015-04-01,90,12,50,1
2015-05-01,77,12,44,0
2015-06-01,85,12,48,1
2015-07-01,77,11,45,1
2015-08-01,81,12,47,1
2015-09-01,75,14,52,1
2015-10-01,74,12,47,1
2015-11-01,71,12,45,1
2015-12-01,79,13,43,1
2016-01-01,76,13,48,1
2016-02-01,80,13,46,1
2016-03-01,90,13,47,1
2016-04-01,79,13,46,1
2016-05-01,79,14,47,1
2016-06-01,79,13,43,1
2016-07-01,78,13,42,1
2016-08-01,75,13,42,1
2016-09-01,78,14,44,1
2016-10-01,76,13,43,1
2016-11-01,73,13,42,1
2016-12-01,80,12,39,1
2017-01-01,79,14,48,1
2017-02-01,78,14,47,1
2017-03-01,79,13,44,1
2017-04-01,94,13,46,1
2017-05-01,75,15,42,1
2017-06-01,75,13,41,1
2017-07-01,77,12,43,1
2017-08-01,77,13,43,1
2017-09-01,75,14,45,1
2017-10-01,78,12,41,1
2017-11-01,82,13,44,1
2017-12-01,86,13,43,1
2018-01-01,75,13,46,1
2018-02-01,80,13,46,1
2018-03-01,84,13,46,1
2018-04-01,86,13,46,1
2018-05-01,69,14,42,1
2018-06-01,75,12,43,1
2018-07-01,81,13,42,1
2018-08-01,78,13,44,1
2018-09-01,77,13,44,1
2018-10-01,76,13,43,1
2018-11-01,72,13,40,1
2018-12-01,83,13,41,2
2019-01-01,75,13,47,1
2019-02-01,75,13,48,1
2019-03-01,84,13,42,1
2019-04-01,98,14,46,1
2019-05-01,74,15,43,1
2019-06-01,76,13,41,1
2019-07-01,73,12,41,1
2019-08-01,72,13,39,1
2019-09-01,76,13,42,1
2019-10-01,75,14,43,1
2019-11-01,70,13,42,1
2019-12-01,86,13,41,1
2020-01-01,74,14,47,1
2020-02-01,76,14,45,1
2020-03-01,83,17,48,1
2020-04-01,80,18,51,2
2020-05-01,65,16,45,1
2020-06-01,68,14,49,1
2020-07-01,61,13,44,1
2020-08-01,63,15,44,1
2020-09-01,59,16,44,1
2020-10-01,61,14,43,1
2020-11-01,57,15,41,1
2020-12-01,64,15,42,1
2021-01-01,61,15,49,1
2021-02-01,67,14,46,1
2021-03-01,63,14,41,1
2021-04-01,71,16,42,1
2021-05-01,64,15,42,1
2021-06-01,65,12,41,1
2021-07-01,64,12,41,1
2021-08-01,66,14,43,1
2021-09-01,65,14,45,1
2021-10-01,68,14,42,1
2021-11-01,63,16,43,1
2021-12-01,73,14,42,1
2022-01-01,71,15,51,1
2022-02-01,70,14,51,1
2022-03-01,80,15,49,1
2022-04-01,81,17,49,1
2022-05-01,76,14,48,1
2022-06-01,72,14,45,1
2022-07-01,73,14,47,1
2022-08-01,71,15,47,1
2022-09-01,65,14,47,1
2022-10-01,71,14,48,1
2022-11-01,65,16,44,1
2022-12-01,71,15,47,1
2023-01-01,72,16,51,1
2023-02-01,76,16,53,1
2023-03-01,71,19,52,1
2023-04-01,83,20,56,1
2023-05-01,72,17,53,1
2023-06-01,78,16,53,1
2023-07-01,75,15,52,1
2023-08-01,70,15,51,1
2023-09-01,71,16,54,1
2023-10-01,73,17,57,1
2023-11-01,69,17,54,1
2023-12-01,80,17,53,1
2024-01-01,70,17,60,1
2024-02-01,80,16,59,1
2024-03-01,83,20,59,1
2024-04-01,70,17,59,1
2024-05-01,69,16,54,1
2024-06-01,76,14,51,1
2024-07-01,67,14,54,1
2024-08-01,70,16,54,1
2024-09-01,72,16,54,1
2024-10-01,69,16,57,1
2024-11-01,64,17,57,1
2024-12-01,76,16,55,1
2025-01-01,66,18,65,1
2025-02-01,71,16,64,1
2025-03-01,74,22,64,1
2025-04-01,87,17,65,2
2025-05-01,72,16,57,1
2025-06-01,75,16,61,1
2025-07-01,75,18,61,1
2025-08-01,79,18,61,1
2025-09-01,88,19,72,1
2025-10-01,79,18,68,1
2025-11-01,82,18,66,1
2025-12-01,87,18,65,2
2026-01-01,81,18,71,2
2026-02-01,93,21,66,2
2026-03-01,81,21,70,2
2026-04-01,88,19,74,2
2026-05-01,79,18,66,2
2026-06-01,78,16,60,2
2026-07-01,71,15,60,1
